<?xml version="1.0" encoding="utf-8" ?>
<dwsync>
<file name="bullet.jpg" server="ftp.epicerastudio.com//domains/makedesignnotwar.com/html/themes/" local="128879481500000000" remote="128881479000000000" />
<file name="comments_bg.jpg" server="ftp.epicerastudio.com//domains/makedesignnotwar.com/html/themes/" local="128876877020000000" remote="128881479000000000" />
<file name="date_bg.jpg" server="ftp.epicerastudio.com//domains/makedesignnotwar.com/html/themes/" local="128876870560000000" remote="128881479000000000" />
<file name="example_image.jpg" server="ftp.epicerastudio.com//domains/makedesignnotwar.com/html/themes/" local="128876897200000000" remote="128881479000000000" />
<file name="from_the_blog.jpg" server="ftp.epicerastudio.com//domains/makedesignnotwar.com/html/themes/" local="128881237465273440" remote="128881494000000000" />
<file name="image-template-1.jpg" server="ftp.epicerastudio.com//domains/makedesignnotwar.com/html/themes/" local="128881335237394460" remote="128881593000000000" />
<file name="image-template-3.jpg" server="ftp.epicerastudio.com//domains/makedesignnotwar.com/html/themes/" local="128881335221104460" remote="128881593000000000" />
<file name="image-template-4.jpg" server="ftp.epicerastudio.com//domains/makedesignnotwar.com/html/themes/" local="128881335171224460" remote="128881593000000000" />
<file name="image-template-5.jpg" server="ftp.epicerastudio.com//domains/makedesignnotwar.com/html/themes/" local="128881335196034460" remote="128881593000000000" />
<file name="iconic.jpg" server="ftp.epicerastudio.com//domains/makedesignnotwar.com/html/themes/" local="128881340605104460" remote="128881597200000000" />
</dwsync>