<?xml version="1.0" encoding="utf-8" ?>
<dwsync>
<file name="arrow_next.png" server="ftp.epicerastudio.com//domains/makedesignnotwar.com/html/themes/" local="128840854200000000" remote="128881484400000000" />
<file name="arrow_previous.png" server="ftp.epicerastudio.com//domains/makedesignnotwar.com/html/themes/" local="128840854200000000" remote="128881484400000000" />
<file name="bl.gif" server="ftp.epicerastudio.com//domains/makedesignnotwar.com/html/themes/" local="128840854200000000" remote="128881484400000000" />
<file name="br.gif" server="ftp.epicerastudio.com//domains/makedesignnotwar.com/html/themes/" local="128840854200000000" remote="128881484400000000" />
<file name="btnClose.png" server="ftp.epicerastudio.com//domains/makedesignnotwar.com/html/themes/" local="128840854200000000" remote="128881484400000000" />
<file name="btnContract.gif" server="ftp.epicerastudio.com//domains/makedesignnotwar.com/html/themes/" local="128840854200000000" remote="128881484400000000" />
<file name="btnExpand.gif" server="ftp.epicerastudio.com//domains/makedesignnotwar.com/html/themes/" local="128840854200000000" remote="128881484400000000" />
<file name="btnNext.png" server="ftp.epicerastudio.com//domains/makedesignnotwar.com/html/themes/" local="128840854200000000" remote="128881484400000000" />
<file name="btnPrevious.png" server="ftp.epicerastudio.com//domains/makedesignnotwar.com/html/themes/" local="128840854200000000" remote="128881484400000000" />
<file name="loader.gif" server="ftp.epicerastudio.com//domains/makedesignnotwar.com/html/themes/" local="128840854200000000" remote="128881484400000000" />
<file name="spacer.gif" server="ftp.epicerastudio.com//domains/makedesignnotwar.com/html/themes/" local="128840854200000000" remote="128881484400000000" />
<file name="tl.gif" server="ftp.epicerastudio.com//domains/makedesignnotwar.com/html/themes/" local="128840854200000000" remote="128881484400000000" />
<file name="tr.gif" server="ftp.epicerastudio.com//domains/makedesignnotwar.com/html/themes/" local="128840854200000000" remote="128881484400000000" />
<file name="ttl.gif" server="ftp.epicerastudio.com//domains/makedesignnotwar.com/html/themes/" local="128840854200000000" remote="128881484400000000" />
<file name="ttp.gif" server="ftp.epicerastudio.com//domains/makedesignnotwar.com/html/themes/" local="128840854200000000" remote="128881484400000000" />
<file name="ttr.gif" server="ftp.epicerastudio.com//domains/makedesignnotwar.com/html/themes/" local="128840854200000000" remote="128881484400000000" />
</dwsync>