<?xml version="1.0" encoding="utf-8" ?>
<dwsync>
<file name="example-01.jpg" server="ftp.epicerastudio.com//domains/makedesignnotwar.com/html/themes/" local="128881275007500000" remote="128881537800000000" />
<file name="example-02.jpg" server="ftp.epicerastudio.com//domains/makedesignnotwar.com/html/themes/" local="128881278482695312" remote="128881537800000000" />
<file name="example-03.jpg" server="ftp.epicerastudio.com//domains/makedesignnotwar.com/html/themes/" local="128881276730976560" remote="128881537800000000" />
<file name="example-04.jpg" server="ftp.epicerastudio.com//domains/makedesignnotwar.com/html/themes/" local="128881275407494460" remote="128881537800000000" />
<file name="example-05.jpg" server="ftp.epicerastudio.com//domains/makedesignnotwar.com/html/themes/" local="128881276496204460" remote="128881537800000000" />
<file name="example-06.jpg" server="ftp.epicerastudio.com//domains/makedesignnotwar.com/html/themes/" local="128881277931644460" remote="128881537800000000" />
<file name="example-07.jpg" server="ftp.epicerastudio.com//domains/makedesignnotwar.com/html/themes/" local="128881279515544460" remote="128881537800000000" />
<file name="example-08.jpg" server="ftp.epicerastudio.com//domains/makedesignnotwar.com/html/themes/" local="128881280701804460" remote="128881537800000000" />
<file name="example-09.jpg" server="ftp.epicerastudio.com//domains/makedesignnotwar.com/html/themes/" local="128881279987954460" remote="128881537800000000" />
<file name="example-00.jpg" server="ftp.epicerastudio.com//domains/makedesignnotwar.com/html/themes/" local="128881374171289056" remote="128881631400000000" />
</dwsync>