<?xml version="1.0" encoding="utf-8" ?>
<dwsync>
<file name="example-01.jpg" server="ftp.epicerastudio.com//domains/makedesignnotwar.com/html/themes/" local="128881273531994460" remote="128881537800000000" />
<file name="example-02.jpg" server="ftp.epicerastudio.com//domains/makedesignnotwar.com/html/themes/" local="128881278738794460" remote="128881538400000000" />
<file name="example-03.jpg" server="ftp.epicerastudio.com//domains/makedesignnotwar.com/html/themes/" local="128881276974104460" remote="128881538400000000" />
<file name="example-04.jpg" server="ftp.epicerastudio.com//domains/makedesignnotwar.com/html/themes/" local="128881274702224460" remote="128881538400000000" />
<file name="example-05.jpg" server="ftp.epicerastudio.com//domains/makedesignnotwar.com/html/themes/" local="128881276299609376" remote="128881538400000000" />
<file name="example-06.jpg" server="ftp.epicerastudio.com//domains/makedesignnotwar.com/html/themes/" local="128881277766854460" remote="128881539000000000" />
<file name="example-07.jpg" server="ftp.epicerastudio.com//domains/makedesignnotwar.com/html/themes/" local="128881279247414460" remote="128881539000000000" />
<file name="example-08.jpg" server="ftp.epicerastudio.com//domains/makedesignnotwar.com/html/themes/" local="128881280415524460" remote="128881539000000000" />
<file name="example-09.jpg" server="ftp.epicerastudio.com//domains/makedesignnotwar.com/html/themes/" local="128881280151834460" remote="128881539000000000" />
<file name="example-00.jpg" server="ftp.epicerastudio.com//domains/makedesignnotwar.com/html/themes/" local="128881373214960928" remote="128881630800000000" />
</dwsync>