<?xml version="1.0" encoding="utf-8" ?>
<dwsync>
<file name=".DS_Store" server="ftp.epicerastudio.com//domains/makedesignnotwar.com/html/themes/" local="128877914040000000" remote="128881657200000000" />
<file name="atlantica.js" server="ftp.epicerastudio.com//domains/makedesignnotwar.com/html/themes/" local="128881354810000000" remote="128881657200000000" />
<file name="jquery-1.3.2.min.js" server="ftp.epicerastudio.com//domains/makedesignnotwar.com/html/themes/" local="128881398129124460" remote="128881657200000000" />
<file name="jquery.jcarousel.pack.js" server="ftp.epicerastudio.com//domains/makedesignnotwar.com/html/themes/" local="128560403880000000" remote="128881657200000000" />
<file name="jquery.pngFix.pack.js" server="ftp.epicerastudio.com//domains/makedesignnotwar.com/html/themes/" local="128811286040000000" remote="128881657800000000" />
<file name="sifr-config.js" server="ftp.epicerastudio.com//domains/makedesignnotwar.com/html/themes/" local="128881407162944460" remote="128881663800000000" />
<file name="sifr.js" server="ftp.epicerastudio.com//domains/makedesignnotwar.com/html/themes/" local="128881394126574460" remote="128881657800000000" />
<file name="jquery.flow.1.2.min.js" server="ftp.epicerastudio.com//domains/makedesignnotwar.com/html/themes/" local="128846587969651742" remote="128881657200000000" />
<file name="jquery.prettyPhoto.js" server="ftp.epicerastudio.com//domains/makedesignnotwar.com/html/themes/" local="128881398765354460" remote="128881657800000000" />
<file name="wufoo.js" server="ftp.epicerastudio.com//domains/makedesignnotwar.com/html/themes/" local="128881593700000000" remote="128881657800000000" />
</dwsync>